Word,Negative,Positive,Uncertainty,Litigious,Constraining,Superfluous,Interesting
ABANDON,1,,,,,,
ABANDONED,1,,,,,,
ABANDONING,1,,,,,,
ABANDONMENT,1,,,,,,
ABETTING,1,,,,,,
ABIDE,,,,,1,,
ABLE,,1,,,,,
ABNORMAL,1,,,,,,
ABSENCE,1,,,,,,
ABSENCES,1,,,,,,
ABUSE,1,,,,,,
ACCESSIONS,,,,1,,,
ACCIDENT,1,,,,,,
ACCIDENTAL,1,,,,,,
ACCIDENTS,1,,,,,,
ACCOMPLISH,,1,,,,,
ACCOMPLISHED,,1,,,,,
ACCOMPLISHING,,1,,,,,
ACCOMPLISHMENT,,1,,,,,
ACCOMPLISHMENTS,,1,,,,,
ACHIEVE,,1,,,,,
ACHIEVED,,1,,,,,
ACHIEVEMENT,,1,,,,,
ACHIEVEMENTS,,1,,,,,
ACHIEVES,,1,,,,,
ACHIEVING,,1,,,,,
ADEQUATELY,,1,,,,,
ADJOURN,,,,1,,,
ADJOURNED,,,,1,,,
ADJOURNMENT,,,,1,,,
ADJUDGED,,,,1,,,
ADJUDICATE,,,,1,,,
ADJUDICATED,,,,1,,,
ADJUDICATION,,,,1,,,
ADMISSION,,,,1,,,
ADMISSIONS,,,,1,,,
ADVANCEMENT,,1,,,,,
ADVANCEMENTS,,1,,,,,
ADVANCES,,1,,,,,
ADVANCING,,1,,,,,
ADVANTAGE,,1,,,,,
ADVANTAGEOUS,,1,,,,,
ADVANTAGES,,1,,,,,
ADVERSARY,1,,,,,,
ADVERSE,1,,,,,,
ADVERSELY,1,,,,,,
AFFIDAVIT,,,,1,,,
AFFIDAVITS,,,,1,,,
AFOREMENTIONED,,,,1,,,
AFORESAID,,,,1,,,
AGAINST,1,,,,,,
AGGRESSIVE,,,,,,,1
AGGRESSIVELY,,,,,,,1
ALERTING,1,,,,,,
ALIENATE,1,,,,,,
ALIENATED,1,,,,,,
ALIENATION,1,,,,,,
ALLEGATION,1,,,1,,,
ALLEGATIONS,1,,,1,,,
ALLEGE,1,,,1,,,
ALLEGED,1,,,1,,,
ALLEGEDLY,1,,,1,,,
ALLEGES,1,,,1,,,
ALLEGING,1,,,1,,,
ALLIANCE,,1,,,,,
ALLIANCES,,1,,,,,
ALMOST,,,1,,,,
ALTERATION,,,1,,,,
ALTERATIONS,,,1,,,,
AMBIGUITIES,,,1,,,,
AMBIGUITY,,,1,,,,
AMEND,,,,1,,,
AMENDED,,,,1,,,
AMENDING,,,,1,,,
AMENDMENT,,,,1,,,
AMENDMENTS,,,,1,,,
AMENDS,,,,1,,,
ANNUL,1,,,,,,
ANNULLED,1,,,,,,
ANNULMENT,1,,,,,,
ANOMALIES,1,,1,,,,
ANTICIPATE,,,1,,,,
ANTICIPATED,,,1,,,,
ANTICIPATES,,,1,,,,
ANTICIPATING,,,1,,,,
ANTICIPATION,,,1,,,,
ANTITRUST,1,,,1,,,
APPARENT,,,1,,,,
APPEAL,,,,1,,,
APPEALED,,,,1,,,
APPEALING,,,,1,,,
APPEALS,,,,1,,,
APPEAR,,,1,,,,
APPEARED,,,1,,,,
APPEARING,,,1,,,,
APPEARS,,,1,,,,
APPELLATE,,,,1,,,
APPERTAINING,,,,,,1,
APPROXIMATE,,,1,,,,
APPROXIMATED,,,1,,,,
APPROXIMATELY,,,1,,,,
APPROXIMATES,,,1,,,,
APPROXIMATING,,,1,,,,
APPROXIMATION,,,1,,,,
APPURTENANCES,,,,1,,,
APPURTENANT,,,,1,,,
ARBITRAL,,,,1,,,
ARBITRARY,,,1,,,,
ARBITRATE,,,,1,,,
ARBITRATION,,,,1,,,
ARBITRATIONS,,,,1,,,
ARBITRATOR,,,,1,,,
ARBITRATORS,,,,1,,,
ARGUED,1,,,,,,
ARGUMENT,1,,,,,,
ARGUMENTS,1,,,,,,
ARREARAGES,1,,,1,,,
ARREARS,1,,,,,,
ARTIFICIALLY,1,,,,,,
ASBESTOS,,,,,,,1
ASSERTIONS,1,,,,,,
ASSIMILATE,,,,,,1,
ASSIMILATING,,,,,,1,
ASSUME,,,1,,,,
ASSUMED,,,1,,,,
ASSUMES,,,1,,,,
ASSUMING,,,1,,,,
ASSUMPTION,,,1,,,,
ASSUMPTIONS,,,1,,,,
ASSURE,,1,,,,,
ASSURED,,1,,,,,
ASSURING,,1,,,,,
ATTAIN,,1,,,,,
ATTAINED,,1,,,,,
ATTAINING,,1,,,,,
ATTAINMENT,,1,,,,,
ATTAINS,,1,,,,,
ATTEST,,,,1,,,
ATTESTATION,,,,1,,,
ATTESTED,,,,1,,,
ATTORN,,,,1,,,
ATTORNEY,,,,1,,,
ATTORNEYS,,,,1,,,
ATTORNMENT,,,,1,,,
ATTRACTIVE,,1,,,,,
ATTRACTIVENESS,,1,,,,,
ATTRITION,1,,,,,,
BAD,1,,,,,,
BAILEE,,,,1,,,
BAN,,,,,,,1
BANKRUPT,1,,,,,,
BANKRUPTCIES,1,,,,,,
BANKRUPTCY,1,,,,,,
BARRED,1,,,,,,
BARRIER,1,,,,,,
BARRIERS,1,,,,,,
BELIEVE,,,1,,,,
BELIEVED,,,1,,,,
BELIEVES,,,1,,,,
BELIEVING,,,1,,,,
BENEFICIAL,,1,,,,,
BENEFICIALLY,,1,,,,,
BENEFIT,,1,,,,,
BENEFITED,,1,,,,,
BENEFITING,,1,,,,,
BENEFITTED,,1,,,,,
BEST,,1,,,,,
BETTER,,1,,,,,
BIFURCATED,,,,,,1,
BIFURCATION,,,,,,1,
BONA,,,,1,,,
BOOST,,1,,,,,
BOUND,,,,,1,,
BREACH,1,,,1,,,
BREACHED,1,,,1,,,
BREACHES,1,,,1,,,
BREACHING,1,,,1,,,
BREAK,1,,,,,,
BREAKAGE,1,,,,,,
BREAKDOWN,1,,,,,,
BREAKDOWNS,1,,,,,,
BREAKS,1,,,,,,
BRIDGE,1,,,,,,1
BROKEN,1,,,,,,
BURDEN,1,,,,,,
BURDENED,1,,,,,,
BURDENS,1,,,,,,
BURDENSOME,1,,,,,,
BURNED,1,,,,,,
CANCEL,1,,,,,,
CANCELED,1,,,,,,
CANCELING,1,,,,,,
CANCELLATION,1,,,,,,
CANCELLATIONS,1,,,,,,
CANCELLED,1,,,,,,
CANCELS,1,,,,,,
CANCER,,,,,,,1
CATASTROPHE,1,,,,,,
CATASTROPHES,1,,,,,,
CATASTROPHIC,1,,,,,,
CAUTION,1,,,,,,
CAUTIONARY,1,,,,,,
CAUTIONED,1,,,,,,
CAUTIONS,1,,,,,,
CAUTIOUS,,,1,,,,
CEASE,1,,,,,,
CEASED,1,,,,,,
CEASES,1,,,,,,
CEASING,1,,,,,,
CERTIORARI,,,,1,,,
CHALLENGE,1,,,,,,
CHALLENGED,1,,,,,,
CHALLENGES,1,,,,,,
CHALLENGING,1,,,,,,
CHAPTER,,,,,,,1
CHARITABLE,,1,,,,,
CHATTEL,,,,1,,,
CIRCUMVENT,1,,,,,,
CIRCUMVENTED,1,,,,,,
CIRCUMVENTION,1,,,,,,
CLAIM,,,,1,,,
CLAIMANT,,,,1,,,
CLAIMANTS,,,,1,,,
CLAIMING,1,,,,,,
CLAIMS,1,,,1,,,
CLARIFICATION,,,1,,,,
CLARIFICATIONS,,,1,,,,
CLAWBACK,1,,,,,,
CLOSED,1,,,,,,
CLOSING,1,,,,,,
CLOSINGS,1,,,,,,
CLOSURE,1,,,,,,
CLOSURES,1,,,,,,
CODIFICATION,,,,1,,,
CODIFIED,,,,1,,,
COLLABORATE,,1,,,,,
COLLABORATION,,1,,,,,
COLLABORATIONS,,1,,,,,
COLLABORATIVE,,1,,,,,
COLLABORATOR,,1,,,,,
COLLABORATORS,,1,,,,,
COLLAPSE,1,,,,,,
COLLISION,1,,,,,,
COLLUSION,1,,,1,,,
COMMIT,,,,,1,,
COMMITMENT,,,,,1,,
COMMITMENTS,,,,,1,,
COMMITS,,,,,1,,
COMMITTED,,,,,1,,
COMMITTING,,,,,1,,
COMPEL,,,,,1,,
COMPELLED,,,,,1,,
COMPELLING,,,,,1,,
COMPENSATORY,,,,1,,,
COMPLAINT,1,,,,,,
COMPLAINTS,1,,,,,,
COMPLICATED,1,,,,,,
COMPLICATIONS,1,,,,,,
COMPLIMENTARY,,1,,,,,
COMPLY,,,,,1,,
COMPULSORY,,,,,1,,
CONCEALED,1,,,,,,
CONCERN,1,,,,,,
CONCERNED,1,,,,,,
CONCERNING,,,,,,,1
CONCERNS,1,,,,,,
CONCLUSIVE,,1,,,,,
CONCLUSIVELY,,1,,,,,
CONDEMNATION,1,,,,,,
CONDEMNED,1,,,,,,
CONDEMNING,1,,,,,,
CONDITIONAL,,,1,,,,
CONDITIONALLY,,,1,,,,
CONDUCIVE,,1,,,,,
CONFIDENT,,1,,,,,
CONFINED,1,,,,1,,
CONFLICT,1,,,,,,
CONFLICTING,1,,,,,,
CONFLICTS,1,,,,,,
CONFUSION,1,,1,,,,
CONSENT,,,,1,,,
CONSENTED,,,,1,,,
CONSENTING,,,,1,,,
CONSENTS,,,,1,,,
CONSPIRACY,1,,,,,,
CONSPIRED,1,,,,,,
CONSTITUTION,,,,1,,,
CONSTITUTIONAL,,,,1,,,
CONSTRAIN,,,,,1,,
CONSTRAINED,,,,,1,,
CONSTRAINTS,,,,,1,,
CONSTRUCTIVE,,1,,,,,
CONSTRUCTIVELY,,1,,,,,
CONSTRUE,,,,1,,,
CONSTRUED,,,,1,,,
CONSTRUING,,,,1,,,
CONTAMINATED,,,,,,,1
CONTEND,1,,,,,,
CONTENDS,1,,,,,,
CONTESTED,1,,,,,,
CONTESTING,1,,,,,,
CONTESTS,,,,,,,1
CONTINGENCIES,,,1,,,,
CONTINGENCY,,,1,,,,
CONTINGENT,,,1,,,,
CONTINGENTLY,,,1,,,,
CONTRACT,,,,1,,,
CONTRACTED,,,,1,,,
CONTRACTHOLDER,,,,1,,,
CONTRACTING,,,,1,,,
CONTRACTION,1,,,,,,
CONTRACTS,,,,1,,,
CONTRACTUAL,,,,1,,,
CONTRACTUALLY,,,,1,,,
CONTRADICTED,1,,,,,,
CONTRARY,1,,,,,,
CONTRAVENE,,,,1,,,
CONTRAVENTION,,,,1,,,
CONTROVERSIES,1,,,,,,
CONTROVERSY,1,,,,,,
CONVENIENS,,,,1,,,
CONVEYANCE,,,,1,,,
CONVEYANCES,,,,1,,,
CONVICTED,1,,,1,,,
CONVICTION,1,,,1,,,
COOPERATED,,,,,,,1
CORRECTED,1,,,,,,
CORRECTING,1,,,,,,
CORRECTION,1,,,,,,
CORRECTIONS,1,,,,,,
CORRELATIVE,,,,,,1,
COSTLY,1,,,,,,
COULD,,,1,,,,
COUNSEL,,,,1,,,
COUNTERCLAIM,1,,,,,,
COUNTERCLAIMS,1,,,,,,
COURT,,,,1,,,
COURTS,,,,1,,,
COVENANT,,,,,1,,
COVENANTED,,,,,1,,
COVENANTS,,,,,1,,
CREATIVE,,1,,,,,
CRIME,1,,,1,,,
CRIMINAL,1,,,1,,,
CRISES,1,,,,,,
CRISIS,1,,,,,,
CRITICAL,1,,,,,,
CRITICALLY,1,,,,,,
CRITICIZED,1,,,,,,
CRUCIAL,1,,,,,,
CURTAIL,1,,,,,,
CURTAILED,1,,,,,,
CURTAILMENT,1,,,,,,
CURTAILMENTS,1,,,,,,
CUT,1,,,,,,
DAMAGE,1,,,,,,
DAMAGED,1,,,,,,
DAMAGES,1,,,,,,
DAMAGING,1,,,,,,
DANGER,1,,,,,,
DANGEROUS,1,,,,,,
DEATH,,,,,,,1
DEBARMENT,1,,,,,,
DECEASED,1,,,,,,
DECEPTIVE,1,,,,,,
DECLINE,1,,,,,,
DECLINED,1,,,,,,
DECLINES,1,,,,,,
DECLINING,1,,,,,,
DECONSOLIDATION,,,,,,1,
DECREASE,,,,,,,1
DECREASES,,,,,,,1
DECREASING,,,,,,,1
DECREE,,,,1,,,
DECREES,,,,1,,,
DEFAMATION,1,,,,,,
DEFAULT,1,,,,,,
DEFAULTED,1,,,,,,
DEFAULTING,1,,,,,,
DEFAULTS,1,,,,,,
DEFEASANCE,,,,1,,,
DEFEASE,,,,1,,,
DEFEASED,,,,1,,,
DEFECT,1,,,,,,
DEFECTIVE,1,,,,,,
DEFECTS,1,,,,,,
DEFEND,1,,,,,,
DEFENDANT,1,,,1,,,
DEFENDANTS,1,,,1,,,
DEFENDED,1,,,,,,
DEFENDING,1,,,,,,
DEFER,1,,,,,,
DEFICIENCIES,1,,,,,,
DEFICIENCY,1,,,,,,
DEFICIENT,1,,,,,,
DEFICIT,1,,,,,,
DEFICITS,1,,,,,,
DEFRAUD,1,,,,,,
DEGRADATION,1,,,,,,
DELAY,1,,,,,,
DELAYED,1,,,,,,
DELAYING,1,,,,,,
DELAYS,1,,,,,,
DELIBERATE,1,,,,,,
DELINQUENCIES,1,,,,,,
DELINQUENCY,1,,,,,,
DELINQUENT,1,,,,,,
DELISTED,1,,,,,,
DELISTING,1,,,,,,
DEMISED,1,,,,,,
DEMOLITION,1,,,,,,
DEMONSTRABLY,,,,,,1,
DEMURRER,,,,1,,,
DENIAL,1,,,,,,
DENIALS,1,,,,,,
DENIED,1,,,,,,
DENIES,1,,,,,,
DENY,1,,,,,,
DENYING,1,,,,,,
DEPEND,,,1,,1,,
DEPENDABLE,,1,,,,,
DEPENDANT,,,,,1,,
DEPENDENCE,,,1,,,,
DEPENDENCY,,,1,,,,
DEPENDENT,,,1,,1,,
DEPENDING,,,1,,1,,
DEPENDS,,,1,,1,,
DEPLETE,1,,,,,,
DEPLETED,1,,,,,,
DEPLETION,1,,,,,,
DEPOSITION,,,,1,,,
DEPOSITIONS,,,,1,,,
DEPRESS,1,,,,,,
DEPRESSED,1,,,,,,
DEPRIVE,1,,,,,,
DERIVATIVELY,,,,,,1,
DESIRABLE,,1,,,,,
DESIRED,,1,,,,,
DESIST,,,,1,,,
DESPITE,,1,,,,,
DESTROY,1,,,,,,
DESTROYED,1,,,,,,
DESTRUCTION,1,,,,,,
DETENTION,1,,,,,,
DETER,1,,,,,,
DETERIORATE,1,,,,,,
DETERIORATED,1,,,,,,
DETERIORATES,1,,,,,,
DETERIORATING,1,,,,,,
DETERIORATION,1,,,,,,
DETRACT,1,,,,,,
DETRIMENT,1,,,,,,
DETRIMENTAL,1,,,,,,
DEVIATE,1,,1,,,,
DEVIATION,1,,1,,,,
DEVIATIONS,1,,1,,,,
DEVISEES,,,,1,,,
DIAGNOSED,,,,,,,1
DICTATE,,,,,1,,
DICTATED,,,,,1,,
DIE,,,,,,,1
DIED,,,,,,,1
DIES,,,,,,,1
DIFFER,,,1,,,,
DIFFERED,,,1,,,,
DIFFERING,,,1,,,,
DIFFERS,,,1,,,,
DIFFICULT,1,,,,,,
DIFFICULTIES,1,,,,,,
DIFFICULTY,1,,,,,,
DILIGENT,,1,,,,,
DILIGENTLY,,1,,,,,
DIMINISH,1,,,,,,
DIMINISHED,1,,,,,,
DIMINISHES,1,,,,,,
DIMINISHING,1,,,,,,
DIMINUTION,1,,,,,,
DIRECTIVE,,,,,1,,
DIRECTIVES,,,,,1,,
DISABLED,,,,,,,1
DISADVANTAGE,1,,,,,,
DISADVANTAGEOUS,1,,,,,,
DISADVANTAGES,1,,,,,,
DISAGREE,1,,,,,,
DISAGREEMENT,1,,,,,,
DISAGREEMENTS,1,,,,,,
DISAGREES,1,,,,,,
DISALLOW,1,,,,,,
DISALLOWANCE,1,,,,,,
DISALLOWANCES,1,,,,,,
DISALLOWED,1,,,,,,
DISAPPROVAL,1,,,,,,
DISAPPROVE,1,,,,,,
DISAPPROVED,1,,,,,,
DISASTER,1,,,,,,
DISASTERS,1,,,,,,
DISCIPLINARY,1,,,,,,
DISCLAIM,1,,,,,,
DISCLAIMED,1,,,,,,
DISCLAIMER,1,,,,,,
DISCLAIMS,1,,,,,,
DISCLOSE,1,,,,,,
DISCLOSED,1,,,,,,
DISCLOSES,1,,,,,,
DISCLOSING,1,,,,,,
DISCONTINUANCE,1,,,,,,
DISCONTINUATION,1,,,,,,
DISCONTINUE,1,,,,,,
DISCONTINUED,1,,,,,,
DISCONTINUES,1,,,,,,
DISCONTINUING,1,,,,,,
DISCOURAGE,1,,,,,,
DISCOURAGING,1,,,,,,
DISCOVER,,,,,,,1
DISCREPANCIES,1,,,,,,
DISCREPANCY,1,,,,,,
DISGORGEMENT,1,,,,,,
DISHONESTY,1,,,,,,
DISHONOR,1,,,,,,
DISINTERESTED,1,,,,,,
DISMISS,1,,,,,,
DISMISSAL,1,,,,,,
DISMISSED,1,,,,,,
DISMISSING,1,,,,,,
DISPARAGE,1,,,,,,
DISPARAGING,1,,,,,,
DISPOSE,1,,,,,,
DISPOSITIVE,,,,1,,,
DISPROPORTIONATE,1,,,,,,
DISPROPORTIONATELY,1,,,,,,
DISPUTE,1,,,,,,
DISPUTED,1,,,,,,
DISPUTES,1,,,,,,
DISPUTING,1,,,,,,
DISQUALIFICATION,1,,,,,,
DISQUALIFIED,1,,,,,,
DISQUALIFY,1,,,,,,
DISQUALIFYING,1,,,,,,
DISREGARD,1,,,,,,
DISREGARDED,1,,,,,,
DISREGARDING,1,,,,,,
DISRUPT,1,,,,,,
DISRUPTED,1,,,,,,
DISRUPTION,1,,,,,,
DISRUPTIONS,1,,,,,,
DISRUPTIVE,1,,,,,,
DISSATISFACTION,1,,,,,,
DISSENT,1,,,,,,
DISSENTING,1,,,,,,
DISSOLUTION,1,,,,,,
DISTINCTION,,1,,,,,
DISTINCTIVE,,1,,,,,
DISTRACT,1,,,,,,
DISTRACTION,1,,,,,,
DISTRESS,1,,,,,,
DISTRESSED,1,,,,,,
DISTRIBUTEE,,,,1,,,
DISTRIBUTEES,,,,1,,,
DISTURB,1,,,,,,
DISTURBANCE,1,,,,,,
DISTURBANCES,1,,,,,,
DISTURBED,1,,,,,,
DIVERSION,1,,,,,,
DIVERT,1,,,,,,
DIVERTED,1,,,,,,
DIVERTING,1,,,,,,
DIVEST,1,,,,,,
DIVESTED,1,,,,,,
DIVESTING,1,,,,,,
DIVESTITURE,1,,,,,,
DIVESTITURES,1,,,,,,
DIVULGE,1,,,,,,
DOCKET,,,,1,,,
DOUBT,1,,1,,,,
DOUBTFUL,1,,1,,,,
DOUBTS,1,,1,,,,
DOWNGRADE,1,,,,,,
DOWNGRADED,1,,,,,,
DOWNGRADES,1,,,,,,
DOWNSIZING,1,,,,,,
DOWNTIME,1,,,,,,
DOWNTURN,1,,,,,,
DOWNTURNS,1,,,,,,
DOWNWARD,1,,,,,,
DROP,,,,,,,1
DROPPED,1,,,,,,
DROUGHT,1,,,,,,
DULY,,,,1,,,
DYSFUNCTION,1,,,,,,
EASIER,,1,,,,,
EASILY,,1,,,,,
EASY,,1,,,,,
EFFECTIVE,,1,,,,,
EFFECTUATE,,,,,,1,
EFFECTUATED,,,,,,1,
EFFICACY,,,,,,1,
EFFICIENCIES,,1,,,,,
EFFICIENCY,,1,,,,,
EFFICIENT,,1,,,,,
EFFICIENTLY,,1,,,,,
EMBARGOES,1,,,,,,
EMBEZZLEMENT,1,,,,,,
EMOTIONAL,,,,,,,1
EMPOWER,,1,,,,,
EMPOWERED,,1,,,,,
ENABLE,,1,,,,,
ENABLED,,1,,,,,
ENABLES,,1,,,,,
ENABLING,,1,,,,,
ENCOURAGED,,1,,,,,
ENCOURAGES,,1,,,,,
ENCOURAGING,,1,,,,,
ENCROACHMENTS,1,,,,,,
ENCUMBER,1,,,1,1,,
ENCUMBERED,1,,,1,1,,
ENCUMBERING,1,,,1,1,,
ENCUMBRANCE,1,,,1,1,,
ENCUMBRANCES,1,,,1,1,,
ENDANGERED,1,,,,,,
ENFORCEABILITY,,,,1,,,
ENFORCEABLE,,,,1,,,
ENHANCE,,1,,,,,
ENHANCED,,1,,,,,
ENHANCEMENT,,1,,,,,
ENHANCEMENTS,,1,,,,,
ENHANCES,,1,,,,,
ENHANCING,,1,,,,,
ENJOIN,1,,,,,,
ENJOINED,1,,,,,,
ENJOINING,1,,,,,,
ENJOY,,1,,,,,
ENJOYED,,1,,,,,
ENJOYMENT,,1,,,,,
ENJOYS,,1,,,,,
ENTAIL,,,,,1,,
ENTAILS,,,,,1,,
ERODE,1,,,,,,
EROSION,1,,,,,,
ERRONEOUS,1,,,,,,
ERROR,1,,,,,,
ERRORS,1,,,,,,
ESCALATE,1,,,,,,
ESCALATED,1,,,,,,
ESCALATING,1,,,,,,
ESCROW,,,,,1,,
ESCROWED,,,,,1,,
ESCROWS,,,,,1,,
ESTOPPEL,,,,1,,,
EVICTION,1,,,,,,
EVIDENTIARY,,,,1,,,
EXACERBATE,1,,,,,,
EXACERBATED,1,,,,,,
EXCELLENCE,,1,,,,,
EXCELLENT,,1,,,,,
EXCEPTIONAL,,1,,,,,
EXCESSIVE,1,,,,,,
EXCLUSIVE,,1,,,,,
EXCLUSIVELY,,1,,,,,
EXCLUSIVITY,,1,,,,,
EXCULPATION,1,,,1,,,
EXECUTOR,,,,1,,,
EXECUTORS,,,,1,,,
EXECUTORY,,,,1,,,
EXEMPLARY,,1,,,,,
EXPEDITIOUSLY,,,,,,1,
EXPLOIT,1,,,,,,
EXPLOITATION,1,,,,,,
EXPLOITING,1,,,,,,
EXPOSE,1,,,,,,
EXPOSED,1,,,,,,
EXPOSES,1,,,,,,
EXPOSING,1,,,,,,
EXPOSURE,,,1,,,,
EXPOSURES,,,1,,,,
EXPROPRIATION,1,,,,,,
EXTRAORDINARY,,,,,,,1
FACIE,,,,1,,,
FACTO,,,,1,,,
FAIL,1,,,,,,
FAILED,1,,,,,,
FAILING,1,,,,,,
FAILS,1,,,,,,
FAILURE,1,,,,,,
FAILURES,1,,,,,,
,1,,,,,,
FAULT,1,,,,,,
FAULTS,1,,,,,,
FAULTY,1,,,,,,
FAVORABLE,,1,,,,,
FAVORABLY,,1,,,,,
FAVORED,,1,,,,,
FAVORING,,1,,,,,
FELONY,1,,,1,,,
FICTITIOUS,1,,,,,,
FIDE,,,,1,,,
FINES,1,,,,,,
FIRED,1,,,,,,
FLUCTUATE,,,1,,,,
FLUCTUATED,,,1,,,,
FLUCTUATES,,,1,,,,
FLUCTUATING,,,1,,,,
FLUCTUATION,,,1,,,,
FLUCTUATIONS,,,1,,,,
FORBEAR,,,,1,,,
FORBEARANCE,,,,1,,,
FORCE,1,,,,,,
FORCED,1,,,,,,
FORECLOSE,1,,,,,,
FORECLOSED,1,,,,,,
FORECLOSURE,1,,,,,,
FORECLOSURES,1,,,,,,
FOREGO,1,,,,,,
FOREGONE,1,,,,,,
FORFEIT,1,,,,,,
FORFEITED,1,,,,,,
FORFEITURE,1,,,,,,
FORFEITURES,1,,,,,,
FORTHWITH,,,,1,,,
FRAUD,1,,,,,,
FRAUDULENT,1,,,,,,
FRAUDULENTLY,1,,,,,,
FREEZE,,,,,,,1
FRIENDLY,,1,,,,,
FRIVOLOUS,1,,,,,,
FURTHERANCE,,,,1,,,
FURTHERMORE,,,,,,1,
GAIN,,1,,,,,
GAINED,,1,,,,,
GAINING,,1,,,,,
GAINS,,1,,,,,
GOOD,,1,,,,,
GRAFT,,,,,,,1
GRANTOR,,,,1,,,
GRANTORS,,,,1,,,
GREAT,,1,,,,,
GREATER,,1,,,,,
GREATEST,,1,,,,,
GREATLY,,1,,,,,
GRIEVANCE,1,,,,,,
GRIEVANCES,1,,,,,,
GROSSLY,1,,,,,,
GUILTY,1,,,,,,
HALT,1,,,,,,
HALTED,1,,,,,,
HARASSMENT,1,,,,,,
HARDSHIP,1,,,,,,
HARM,1,,,,,,
HARMED,1,,,,,,
HARMFUL,1,,,,,,
HARSH,1,,,,,,
HAZARD,1,,,,,,
HAZARDOUS,1,,,,,,
HAZARDS,1,,,,,,
HEREAFTER,,,,1,,,
HEREBY,,,,1,,,
HEREIN,,,,1,,,
HEREINABOVE,,,,1,,,
HEREINAFTER,,,,1,,,
HEREINBEFORE,,,,1,,,
HEREINBELOW,,,,1,,,
HEREOF,,,,1,,,
HEREON,,,,1,,,
HERETO,,,,1,,,
HERETOFORE,,,,1,,,
HEREUNDER,,,,1,,,
HEREUNTO,,,,1,,,
HEREWITH,,,,1,,,
HIGHEST,,1,,,,,
HINDER,1,,,,,,
HINDERED,1,,,,,,
HONESTY,,,,,,,1
HONOR,,1,,,,,
HONORED,,1,,,,,
HOSTILE,1,,,,,,
HOWSOEVER,,,,,,1,
HURT,1,,,,,,
IDEAL,,1,,,,,
IDLE,1,,,,,,
IDLED,1,,,,,,
IGNORED,1,,,,,,
ILL,1,,,,,,
ILLEGAL,1,,,,,,
ILLEGALITY,1,,,,,,
ILLEGIBLE,1,,,,,,
ILLIQUID,1,,,,,,
ILLIQUIDITY,1,,,,,,
IMBALANCE,1,,,,,,
IMBALANCES,1,,,,,,
IMPAIR,1,,,,1,,
IMPAIRED,1,,,,1,,
IMPAIRING,1,,,,1,,
IMPAIRMENT,1,,,,1,,
IMPAIRMENTS,1,,,,1,,
IMPAIRS,1,,,,1,,
IMPEDE,1,,,,,,
IMPENDING,1,,,,,,
IMPOSE,,,,,1,,
IMPOSED,,,,,1,,
IMPOSES,,,,,1,,
IMPOSING,,,,,1,,
IMPOSITION,,,,,1,,
IMPOSITIONS,,,,,1,,
IMPOSSIBLE,1,,,,,,
IMPOSTS,,,,,,1,
IMPRACTICABLE,1,,,,,,
IMPRACTICAL,1,,,,,,
IMPRECISE,,,1,,,,
IMPRECISION,,,1,,,,
IMPRESSED,,1,,,,,
IMPRISONMENT,1,,,,,,
IMPROBABLE,,,1,,,,
IMPROPER,1,,,,,,
IMPROPERLY,1,,,,,,
IMPROVE,,1,,,,,
IMPROVED,,1,,,,,
IMPROVEMENT,,1,,,,,
IMPROVEMENTS,,1,,,,,
IMPROVES,,1,,,,,
IMPROVING,,1,,,,,
IMPUTED,,,,,,1,
INABILITY,1,,,,,,
INACCURACIES,1,,,,,,
INACCURACY,1,,,,,,
INACCURATE,1,,,,,,
INACTION,1,,,,,,
INADEQUACY,1,,,,,,
INADEQUATE,1,,,,,,
INADEQUATELY,1,,,,,,
INADVERTENT,1,,,,,,
INADVERTENTLY,1,,,,,,
INAPPROPRIATE,1,,,,,,
INASMUCH,,,,1,,,
INCAPABLE,1,,,,,,
INCAPACITATED,1,,,,,,
INCAPACITY,1,,,1,,,
INCIDENCE,1,,,,,,
INCIDENT,1,,,,,,
INCIDENTS,1,,,,,,
INCOMPATIBLE,1,,,,,,
INCOMPETENCE,1,,,,,,
INCOMPETENT,1,,,,,,
INCOMPLETE,1,,,,,,
INCONSISTENCIES,1,,,,,,
INCONSISTENCY,1,,,,,,
INCONSISTENT,1,,,,,,
INCONVENIENCE,1,,,,,,
INCONVENIENT,1,,,,,,
INCORRECT,1,,,,,,
INCORRECTLY,1,,,,,,
INCREASES,,,,,,,1
INCREASING,,,,,,,1
INDEBTED,,,,,1,,
INDEFEASIBLE,1,,,,,,
INDEFEASIBLY,1,,,,,,
INDEFINITE,,,1,,,,
INDEFINITELY,,,1,,,,
INDEMNIFIABLE,,,,1,,,
INDEMNIFICATION,,,,1,,,
INDEMNIFICATIONS,,,,1,,,
INDEMNIFIED,,,,1,,,
INDEMNIFIES,,,,1,,,
INDEMNIFY,,,,1,,,
INDEMNIFYING,,,,1,,,
INDEMNITEE,,,,1,,,
INDEMNITEES,,,,1,,,
INDEMNITIES,,,,1,,,
INDEMNITOR,,,,1,,,
INDEMNITY,,,,1,,,
INDETERMINATE,,,1,,,,
INDICTMENT,1,,,1,,,
INEFFECTIVE,1,,,,,,
INEFFECTIVENESS,1,,,,,,
INEFFICIENCIES,1,,,,,,
INEFFICIENT,1,,,,,,
INELIGIBLE,1,,,,,,
INFECTION,,,,,,,1
INFRINGE,1,,,,,,
INFRINGED,1,,,,,,
INFRINGEMENT,1,,,,,,
INFRINGEMENTS,1,,,,,,
INFRINGES,1,,,,,,
INFRINGING,1,,,,,,
INHIBIT,,,,,1,,
INJUNCTION,1,,,1,,,
INJUNCTIONS,1,,,1,,,
INJUNCTIVE,,,,1,,,
INJURE,1,,,,,,
INJURED,1,,,,,,
INJURIES,1,,,,,,
INJURIOUS,1,,,,,,
INJURY,1,,,,,,
INNOVATION,,1,,,,,
INNOVATIONS,,1,,,,,
INNOVATIVE,,1,,,,,
INQUIRY,1,,,,,,
INSIST,,,,,1,,
INSOFAR,,,,1,,,
INSOLVENCY,1,,,,,,
INSOLVENT,1,,,,,,
INSTABILITY,1,,1,,,,
INSUFFICIENCY,1,,,,,,
INSUFFICIENT,1,,,,,,
INTANGIBLE,,,1,,,,
INTANGIBLES,,,1,,,,
INTEGRITY,,1,,,,,
INTENTIONAL,1,,,,,,
INTERFERE,1,,,,,,
INTERFERED,1,,,,,,
INTERFERENCE,1,,,,,,
INTERFERES,1,,,,,,
INTERFERING,1,,,,,,
INTERRUPT,1,,,,,,
INTERRUPTED,1,,,,,,
INTERRUPTION,1,,,,,,
INTERRUPTIONS,1,,,,,,
INTRUSION,1,,,,,,
INVALID,1,,,,,,
INVALIDATE,1,,,,,,
INVALIDATED,1,,,,,,
INVALIDATING,1,,,,,,
INVALIDATION,1,,,,,,
INVALIDITY,1,,,,,,
INVENTED,,1,,,,,
INVENTION,,1,,,,,
INVENTIONS,,1,,,,,
INVENTOR,,1,,,,,
INVENTORS,,1,,,,,
INVESTIGATE,1,,,,,,
INVESTIGATED,1,,,,,,
INVESTIGATING,1,,,,,,
INVESTIGATION,1,,,,,,
INVESTIGATIONS,1,,,,,,
INVESTIGATORY,,,,,,1,
INVOLUNTARILY,1,,,,,,
INVOLUNTARY,1,,,,,,
IRREGULAR,1,,,,,,
IRREGULARITIES,1,,,,,,
IRREPARABLE,1,,,,,,
IRREVOCABLE,,,,1,1,,
IRREVOCABLY,,,,1,1,,
JEOPARDIZE,1,,,,,,
JEOPARDIZED,1,,,,,,
JOINDER,,,,1,,,
JUDICIAL,,,,1,,,
JUDICIALLY,,,,1,,,
JURISDICTION,,,,1,,,
JURISDICTIONAL,,,,1,,,
JURISDICTIONS,,,,1,,,
JURY,,,,1,,,
JUSTICE,,,,1,,,
KNOWINGLY,1,,,,,,
LACK,1,,,,,,
LACKED,1,,,,,,
LACKS,1,,,,,,
LAG,1,,,,,,
LAPSE,1,,,,,,
LAPSED,1,,,,,,
LAPSES,1,,,,,,
LATE,1,,,,,,
LAUNDERING,1,,,,,,
LAW,,,,1,,,
LAWFUL,,,,1,,,
LAWFULLY,,,,1,,,
LAWS,,,,1,,,
LAWSUIT,,,,1,,,
LAWSUITS,,,,1,,,
LAWYER,,,,1,,,
LAWYERS,,,,1,,,
LAYOFF,1,,,,,,
LAYOFFS,1,,,,,,
LEADERSHIP,,1,,,,,
LEADING,,1,,,,,
LEGAL,,,,1,,,
LEGALITY,,,,1,,,
LEGALLY,,,,1,,,
LEGATEE,,,,1,,,
LEGATEES,,,,1,,,
LEGISLATION,,,,1,,,
LEGISLATIVE,,,,1,,,
LEGISLATURE,,,,1,,,
LEGISLATURES,,,,1,,,
LESIONS,,,,,,,1
LIBEL,,,,1,,,
LIE,1,,,,,,
LIES,,,,,,,1
LIKELIHOOD,,,1,,,,
LIMIT,,,,,1,,
LIMITATION,1,,,,,,
LIMITATIONS,1,,,,,,
LIMITING,,,,,1,,
LIMITS,,,,,1,,
LIQUIDATE,1,,,,,,
LIQUIDATED,1,,,,,,
LIQUIDATING,1,,,,,,
LIQUIDATION,1,,,,,,
LIQUIDATIONS,1,,,,,,
LIQUIDATOR,1,,,,,,
LITIGANT,1,,,1,,,
LITIGATE,1,,,1,,,
LITIGATED,1,,,1,,,
LITIGATION,1,,,1,,,
LITIGATIONS,1,,,1,,,
LOCKOUT,1,,,,,,
LOCKOUTS,1,,,,,,
LOSE,1,,,,,,
LOSES,1,,,,,,
LOSING,1,,,,,,
LOSS,1,,,,,,
LOSSES,1,,,,,,
LOST,1,,,,,,
LOYAL,,1,,,,,
LYING,1,,,,,,
MAJEURE,,,,1,,,
MALFEASANCE,1,,,,,,
MALFUNCTION,1,,,,,,
MALFUNCTIONS,1,,,,,,
MALICIOUS,1,,,,,,
MALPRACTICE,1,,,,,,
MANDATE,,,,,1,,
MANDATED,,,,,1,,
MANDATES,,,,,1,,
MANDATING,,,,,1,,
MANDATORILY,,,,,,1,
MANDATORY,,,,,1,,
MANIPULATE,1,,,,,,
MANIPULATION,1,,,,,,
MARKDOWN,1,,,,,,
MARKDOWNS,1,,,,,,
MAY,,,1,,,,
MEDIATION,,,,1,,,
MEDIATOR,,,,1,,,
MERITORIOUS,,1,,,,,
MIGHT,,,1,,,,
MISAPPROPRIATE,1,,,,,,
MISAPPROPRIATED,1,,,,,,
MISAPPROPRIATION,1,,,,,,
MISCALCULATIONS,1,,,,,,
MISCONDUCT,1,,,,,,
MISDEMEANOR,1,,,1,,,
MISLEADING,1,,,,,,
MISMANAGEMENT,1,,,,,,
MISMATCH,1,,,,,,
MISREPRESENTATION,1,,,,,,
MISREPRESENTATIONS,1,,,,,,
MISREPRESENTED,1,,,,,,
MISSED,1,,,,,,
MISSTATEMENT,1,,,,,,
MISSTATEMENTS,1,,,,,,
MISTAKE,1,,,,,,
MISTAKES,1,,,,,,
MISUSE,1,,,,,,
MORATORIUM,1,,,,,,
MOREOVER,,,,1,,,
MORTGAGEE,,,,,,,1
MOTIONS,,,,1,,,
MUTANDIS,,,,1,,,
NEARLY,,,1,,,,
NECESSITATE,,,,,1,,
NECESSITATED,,,,,1,,
NEGATIVE,1,,,,,,
NEGATIVELY,1,,,,,,
NEGLECT,1,,,,,,
NEGLIGENCE,1,,,,,,
NEGLIGENT,1,,,,,,
NOLO,,,,1,,,
NONAPPEALABLE,,,,1,,,
NONASSESSABLE,,,1,,,,
NONATTAINMENT,1,,,,,,
NONCANCELABLE,,,,,1,,
NONCANCELLABLE,,,,,1,,
NONCOMPETITIVE,1,,,,,,
NONCOMPLIANCE,1,,,,,,
NONCONFORMING,1,,,,,,
NONCONTRIBUTORY,,,,1,,,
NONDISCLOSURE,1,,,,,,
NONETHELESS,,,,,,1,
NONFORFEITABLE,,,,1,,,
NONPAYMENT,1,,,,,,
NONPERFORMANCE,1,,,,,,
NONPERFORMING,1,,,,,,
NONRENEWAL,1,,,,,,
NOTARIAL,,,,1,,,
NOTARY,,,,1,,,
NOTWITHSTANDING,,,,1,,,
NOVO,,,,1,,,
NUISANCE,1,,,,,,
NULLIFIES,1,,,1,,,
OBJECTED,1,,,,,,
OBJECTING,1,,,,,,
OBJECTION,1,,,,,,
OBJECTIONABLE,1,,,,,,
OBJECTIONS,1,,,,,,
OBLIGATE,,,,,1,,
OBLIGATED,,,,,1,,
OBLIGATES,,,,,1,,
OBLIGATING,,,,,1,,
OBLIGATION,,,,,1,,
OBLIGATIONS,,,,,1,,
OBLIGATORY,,,,,1,,
OBLIGED,,,,,1,,
OBLIGEE,,,,1,,,
OBLIGOR,,,,1,,,
OBLIGORS,,,,1,,,
OBSOLESCENCE,1,,,,,,
OBSOLETE,1,,,,,,
OBSTACLES,1,,,,,,
OCCASIONALLY,,,1,,,,
OFFENSE,,,,1,,,
OFFEROR,,,,1,,,
OMISSION,1,,,,,,
OMISSIONS,1,,,,,,
OMIT,1,,,,,,
OMITS,1,,,,,,
OMITTED,1,,,,,,
OMITTING,1,,,,,,
ONEROUS,1,,,,,,
OPPORTUNISTIC,1,,,,,,
OPPORTUNITIES,,1,,,,,
OPPORTUNITY,,1,,,,,
OPPOSE,1,,,,,,
OPPOSED,1,,,,,,
OPPOSING,1,,,,,,
OPPOSITION,1,,,,,,
OPTIMISTIC,,1,,,,,
OPTIONEE,,,,1,,,
OPTIONEES,,,,1,,,
ORDINARILY,,,1,,,,
OUTAGE,1,,,,,,
OUTAGES,1,,,,,,
OVERCAPACITY,1,,,,,,
OVERCOME,1,,,,,,
OVERDUE,1,,,,,,
OVERPAYMENT,1,,,,,,
OVERPAYMENTS,1,,,,,,
OVERRUNS,1,,,,,,
OVERSTATED,1,,,,,,
OVERSTATEMENT,1,,,,,,
OVERSUPPLY,1,,,,,,
OVERTURNED,1,,,,,,
PARA,,,,1,,,
PARI,,,,1,,,
PASSU,,,,1,,,
PENALTIES,1,,,,,,
PENALTY,1,,,,,,
PENDING,,,1,,,,
PERFECT,,1,,,,,
PERFECTED,,1,,,,,
PERHAPS,,,1,,,,
PERIL,1,,,,,,
PERILS,1,,,,,,
PERJURY,1,,,1,,,
PERMISSIBLE,,,,,1,,
PERMISSION,,,,,1,,
PERMITTED,,,,,1,,
PERMITTING,,,,,1,,
PERSIST,1,,,,,,
PERSISTENT,1,,,,,,
PERVASIVE,1,,,,,,
PETITION,,,,1,,,
PETITIONED,,,,1,,,
PETITIONS,,,,1,,,
PIRACY,,,,,,,1
PLAINTIFF,1,,,1,,,
PLAINTIFFS,1,,,1,,,
PLEA,1,,,,,,
PLEAD,1,,,,,,
PLEADING,1,,,1,,,
PLEADINGS,1,,,1,,,
PLEASED,,1,,,,,
PLEASURE,,1,,,,,
PLEDGE,,,,,1,,
PLEDGED,,,,,1,,
PLEDGEE,,,,1,,,
PLEDGES,,,,,1,,
PLEDGING,,,,,1,,
PLEDGOR,,,,1,,,
POOR,1,,,,,,
POORLY,1,,,,,,
POPULAR,,1,,,,,
POPULARITY,,1,,,,,
POSES,1,,,,,,
POSITIVE,,1,,,,,
POSITIVELY,,1,,,,,
POSSIBILITIES,,,1,,,,
POSSIBILITY,,,1,,,,
POSSIBLE,,,1,,,,
POSSIBLY,,,1,,,,
POSTPONE,1,,,,,,
POSTPONED,1,,,,,,
POSTPONEMENT,1,,,,,,
PRECAUTIONS,,,1,,,,
PRECLUDE,1,,,,1,,
PRECLUDED,1,,,,1,,
PRECLUDES,1,,,,1,,
PREDICT,,,1,,,,
PREDICTABILITY,,,1,,,,
PREDICTED,,,1,,,,
PREDICTING,,,1,,,,
PREDICTION,,,1,,,,
PREDICTIONS,,,1,,,,
PREDICTIVE,,,1,,,,
PREDICTS,,,1,,,,
PREJUDICE,1,,,1,,,
PREJUDICED,1,,,1,,,
PREJUDICIAL,1,,,1,,,
PRELIMINARILY,,,1,,,,
PRELIMINARY,,,1,,,,
PREMATURE,1,,,,,,
PREMIER,,1,,,,,
PREPETITION,,,,1,,,
PRESUMED,,,1,,,,
PRESUMPTION,,,1,,,,
PRETRIAL,1,,,1,,,
PREVENT,,,,,1,,
PREVENTED,,,,,1,,
PREVENTING,1,,,,1,,
PREVENTION,1,,,,,,
PREVENTS,1,,,,1,,
PRIMA,,,,1,,,
PROACTIVE,,1,,,,,
PROACTIVELY,,1,,,,,
PROBABILITIES,,,1,,,,
PROBABILITY,,,1,,,,
PROBABLE,,,1,,,,
PROBABLY,,,1,,,,
PROBLEM,1,,,,,,
PROBLEMS,1,,,,,,
PROFITABILITY,,1,,,,,
PROFITABLE,,1,,,,,
PROFITABLY,,1,,,,,
PROGRESS,,1,,,,,
PROGRESSED,,1,,,,,
PROGRESSES,,1,,,,,
PROHIBIT,,,,,1,,
PROHIBITED,,,,,1,,
PROHIBITING,,,,,1,,
PROHIBITION,,,,,1,,
PROHIBITIONS,,,,,1,,
PROHIBITIVE,,,,,1,,
PROHIBITS,,,,,1,,
PROLONGED,1,,,,,,
PROMULGATE,,,,1,,,
PROMULGATED,,,,1,,,
PROMULGATION,,,,1,,,
PRORATA,,,,1,,,
PRORATION,,,,1,,,
PROSECUTE,1,,,1,,,
PROSECUTED,1,,,1,,,
PROSECUTING,1,,,1,,,
PROSECUTION,1,,,1,,,
PROTEST,1,,,,,,
PROTESTS,1,,,,,,
PROTRACTED,1,,,,,,
PROVISO,,,,1,,,
PUNITIVE,1,,,,,,
PURPORT,1,,,,,,
PURPORTED,1,,,,,,
PURPORTEDLY,1,,,,,,
PURPORTING,1,,,,,,
PURPORTS,1,,,,,,
PUTATIVE,,,,,,1,
QUESTION,1,,,,,,
QUESTIONABLE,1,,,,,,
QUESTIONED,1,,,,,,
QUESTIONS,1,,,,,,
QUIT,1,,,,,,
RABBI,,,,,,,1
RANDOM,,,1,,,,
RANDOMIZED,,,1,,,,
RATA,,,,1,,,
RATABLE,,,,1,,,
RATABLY,,,,1,,,
RATIONALIZATION,1,,,,,,
REASSESS,,,1,,,,
REASSESSED,,,1,,,,
REASSESSMENT,1,,1,,,,
REASSIGNMENT,1,,,,,,
RECALCULATED,,,1,,,,
RECALCULATION,,,1,,,,
RECALL,1,,,,,,
RECALLED,1,,,,,,
RECALLS,1,,,,,,
RECESSION,1,,,,,,
RECESSIONARY,1,,,,,,
RECESSIONS,1,,,,,,
RECKLESS,1,,,,,,
RECONSIDER,,,1,,,,
RECORDATION,,,,1,,,
RECOUPMENT,,,,1,,,
RECOURSE,,,,1,,,
REDACTED,1,,,1,,,
REDETERMINATION,,,,,,1,
REDETERMINED,,,,,,1,
REDUCTIONS,,,,,,,1
REEXAMINATION,,,1,,,,
REFILED,,,,1,,,
REFRAIN,,,,,1,,
REFRAINING,,,,,1,,
REFUSAL,1,,,,,,
REFUSE,1,,,,,,
REFUSED,1,,,,,,
REFUSES,1,,,,,,
REFUSING,1,,,,,,
REGAIN,,1,,,,,
REGULATE,,,,1,,,
REGULATED,,,,1,,,
REGULATES,,,,1,,,
REGULATING,,,,1,,,
REGULATION,,,,1,,,
REGULATIONS,,,,1,,,
REGULATOR,,,,1,,,
REGULATORS,,,,1,,,
REGULATORY,,,,1,,,
REHEARING,,,,1,,,
REJECT,1,,,,,,
REJECTED,1,,,,,,
REJECTING,1,,,,,,
REJECTION,1,,,,,,
REJECTIONS,1,,,,,,
REJECTS,1,,,,,,
RELEASEES,,,,1,,,
RELIEVED,,,,,,,1
RELINQUISH,1,,,,,,
RELINQUISHED,1,,,,,,
RELINQUISHMENT,1,,,,,,
RELUCTANT,1,,,,,,
REMAND,,,,1,,,
REMANDED,,,,1,,,
REMEDIAL,,,,,,,1
REMEDIATE,,,,1,,,
REMEDIATED,,,,1,,,
REMEDIATING,,,,1,,,
REMEDIATION,,,,1,,,
REMEDIED,,,,1,,,
RENEGOTIATE,1,,,,,,
RENEGOTIATED,1,,,,,,
RENEGOTIATING,1,,,,,,
RENEGOTIATION,1,,,,,,
REPOSSESS,,,,,,,1
REPOSSESSED,1,,,,,,
REPOSSESSION,1,,,,,,
REPOSSESSIONS,1,,,,,,
REQUIRE,,,,,1,,
REQUIRED,,,,,1,,
REQUIREMENT,,,,,1,,
REQUIREMENTS,,,,,1,,
REQUIRES,,,,,1,,
REQUIRING,,,,,1,,
RESCIND,,,,1,,,
RESCINDED,,,,1,,,
RESCINDS,,,,1,,,
RESCISSION,,,,1,,,
RESIGN,1,,,,,,
RESIGNATION,1,,,,,,
RESIGNATIONS,1,,,,,,
RESIGNED,1,,,,,,
RESIGNING,1,,,,,,
RESIGNS,1,,,,,,
RESOLVE,,1,,,,,
RESTATE,1,,,,,,
RESTATED,1,,,,,,
RESTATEMENT,1,,,,,,
RESTATEMENTS,1,,,,,,
RESTATES,1,,,,,,
RESTATING,1,,,,,,
RESTRAIN,,,,,1,,
RESTRAINING,,,,,1,,
RESTRAINT,,,,,1,,
RESTRAINTS,,,,,1,,
RESTRICT,,,,,1,,
RESTRICTED,,,,,1,,
RESTRICTING,,,,,1,,
RESTRICTION,,,,,1,,
RESTRICTIONS,,,,,1,,
RESTRICTIVE,,,,,1,,
RESTRICTS,,,,,1,,
RESTRUCTURE,1,,,,,,
RESTRUCTURED,1,,,,,,
RESTRUCTURING,1,,,,,,
RESTRUCTURINGS,1,,,,,,
RETALIATION,1,,,,,,
REVISE,,,1,,,,
REVISED,,,1,,,,
REVOCATION,1,,,1,,,
REVOKE,1,,,,,,
REVOKED,1,,,,,,
REVOKES,1,,,,,,
REVOKING,1,,,,,,
REWARD,,1,,,,,
REWARDING,,1,,,,,
REWARDS,,1,,,,,
RISK,,,1,,,,
RISKS,,,1,,,,
RISKY,1,,1,,,,
ROUGHLY,,,1,,,,
RULING,,,,1,,,
RULINGS,,,,1,,,
SABOTAGE,1,,,,,,
SATISFACTION,,1,,,,,
SATISFACTORILY,,1,,,,,
SATISFACTORY,,1,,,,,
SATISFIED,,1,,,,,
SATISFIES,,1,,,,,
SATISFY,,1,,,,,
SATISFYING,,1,,,,,
SCRUTINY,1,,,,,,
SECRECY,1,,,,,,
SECRET,,,,,,,1
SEIZED,1,,,,,,
SEIZURES,,,,,,,1
SEQUESTRATOR,,,,1,,,
SERIOUS,1,,,,,,
SERIOUSLY,1,,,,,,
SETTLEMENT,,,,1,,,
SETTLEMENTS,,,,1,,,
SEVERABILITY,,,,1,,,
SEVERABLE,,,,1,,,
SEVERALLY,,,,1,,,
SEVERANCE,,,,1,,,
SEVERE,1,,,,,,
SEVERED,1,,,,,,
SEVERELY,1,,,,,,
SEVERITIES,1,,,,,,
SEVERITY,1,,,,,,
SHALL,,,,1,,,
SHARPLY,1,,,,,,
SHORTAGE,1,,,,,,
SHORTAGES,1,,,,,,
SHORTFALL,1,,,,,,
SHORTFALLS,1,,,,,,
SHRINKAGE,1,,,,,,
SHUT,1,,,,,,
SHUTDOWN,1,,,,,,
SHUTDOWNS,1,,,,,,
SLOW,1,,,,,,
SLOWDOWN,1,,,,,,
SLOWDOWNS,1,,,,,,
SLOWED,1,,,,,,
SLOWER,1,,,,,,
SLOWING,1,,,,,,
SLOWLY,1,,,,,,
SLUGGISH,1,,,,,,
SMOOTH,,1,,,,,
SOLVENCY,1,,,,,,
SOMETIME,,,1,,,,
SOMETIMES,,,1,,,,
SOMEWHAT,,,1,,,,
SPECULATION,,,1,,,,
SPECULATIVE,,,1,,,,
SPORADIC,,,1,,,,
STABILITY,,1,,,,,
STABILIZATION,,1,,,,,
STABILIZE,,1,,,,,
STABILIZED,,1,,,,,
STABILIZING,,1,,,,,
STABLE,,1,,,,,
STANDSTILL,1,,,,,,
STATUTE,,,,1,,,
STATUTES,,,,1,,,
STATUTORILY,,,,1,,,
STATUTORY,,,,1,,,
STIPULATE,,,,,1,,
STIPULATED,,,,,1,,
STIPULATES,,,,,1,,
STIPULATION,,,,,1,,
STIPULATIONS,,,,,1,,
STOLEN,1,,,,,,
STOPPAGE,1,,,,,,
STOPPAGES,1,,,,,,
STOPPED,1,,,,,,
STOPS,1,,,,,,
STRAIN,1,,,,,,
STRAINS,1,,,,,,
STRENGTH,,1,,,,,
STRENGTHEN,,1,,,,,
STRENGTHENED,,1,,,,,
STRENGTHENING,,1,,,,,
STRENGTHENS,,1,,,,,
STRENGTHS,,1,,,,,
STRESS,1,,,,,,
STRICT,,,,,1,,
STRICTER,,,,,1,,
STRICTLY,,,,,1,,
STRINGENT,1,,,,,,
STRONG,,1,,,,,
STRONGER,,1,,,,,
STRONGEST,,1,,,,,
SUBCLAUSE,,,,1,,,
SUBJECTED,1,,,,,,
SUBJECTING,1,,,,,,
SUBLESSEE,,,,,,,1
SUBLESSOR,,,,,,,1
SUBLICENSEE,,,,1,,,
SUBPARAGRAPH,,,,1,,,
SUBPARAGRAPHS,,,,1,,,
SUBPOENA,1,,,1,,,
SUBPOENAS,1,,,1,,,
SUBROGATED,,,,1,,,
SUBROGATION,,,,1,,,
SUBSTANDARD,1,,,,,,
SUCCEED,,1,,,,,
SUCCEEDED,,1,,,,,
SUCCEEDING,,1,,,,,
SUCCEEDS,,1,,,,,
SUCCESS,,1,,,,,
SUCCESSFUL,,1,,,,,
SUCCESSFULLY,,1,,,,,
SUDDEN,,,1,,,,
SUE,1,,,1,,,
SUED,1,,,1,,,
SUFFER,1,,,,,,
SUFFERED,1,,,,,,
SUFFERING,1,,,,,,
SUFFERS,1,,,,,,
SUGGEST,,,1,,,,
SUGGESTED,,,1,,,,
SUGGESTING,,,1,,,,
SUGGESTS,,,1,,,,
SUING,1,,,1,,,
SUMMONS,1,,,1,,,
SUPERIOR,,1,,,,,
SUPERSEDE,,,,1,,,
SUPERSEDED,,,,1,,,
SUPERSEDES,,,,1,,,
SUPERSEDING,,,,1,,,
SURETIES,,,,1,,,
SURETY,,,,1,,,
SUSCEPTIBLE,1,,,,,,
SUSPECT,1,,,,,,
SUSPECTED,1,,,,,,
SUSPEND,1,,,,,,
SUSPENDED,1,,,,,,
SUSPENDING,1,,,,,,
SUSPENSION,1,,,,,,
SUSPENSIONS,1,,,,,,
SUSTAINABILITY,,,,,,,1
TENTATIVE,,,1,,,,
TENTATIVELY,,,1,,,,
TERMINABLE,,,,1,,,
TERMINATE,1,,,,,,
TERMINATED,1,,,,,,
TERMINATES,1,,,,,,
TERMINATING,1,,,,,,
TERMINATION,1,,,,,,
TERMINATIONS,1,,,,,,
TESTIMONY,,,,1,,,
THENCE,,,,1,,,
THEREAFTER,,,,1,,,
THEREAT,,,,1,,,
THEREFROM,,,,1,,,
THEREIN,,,,1,,,
THEREOF,,,,1,,,
THEREON,,,,1,,,
THERETO,,,,1,,,
THERETOFORE,,,,1,,,
THEREUNDER,,,,1,,,
THEREUNTO,,,,1,,,
THEREUPON,,,,1,,,
THEREWITH,,,,1,,,
THREAT,1,,,,,,
THREATEN,1,,,,,,
THREATENED,1,,,,,,
THREATENING,1,,,,,,
THREATENS,1,,,,,,
THREATS,1,,,,,,
TIGHTENING,1,,,,,,
TOLERATED,1,,,,,,
TORT,,,,1,,,
TORTIOUS,,,,1,,,
TORTS,,,,1,,,
TOUCHE,,,,,,,1
TOXIC,,,,,,,1
TRANSFEROR,,,,1,,,
TRANSPARENCY,,1,,,,,
TRAUMA,,,,,,,1
TREMENDOUS,,1,,,,,
TROUBLE,1,,,,,,
TROUBLED,1,,,,,,
TUMOR,,,,,,,1
TURMOIL,1,,,,,,
UNABLE,1,,,,,,
UNACCEPTABLE,1,,,,,,
UNANTICIPATED,1,,,,,,
UNAPPROVED,1,,,,,,
UNAUTHORIZED,1,,,,,,
UNAVAILABILITY,1,,,,1,,
UNAVAILABLE,1,,,,1,,
UNAWARE,1,,,,,,
UNCERTAIN,,,1,,,,
UNCERTAINTIES,,,1,,,,
UNCERTAINTY,,,1,,,,
UNCLEAR,,,1,,,,
UNCOLLECTABLE,1,,,,,,
UNCOLLECTED,1,,,,,,
UNCOLLECTIBILITY,1,,,,,,
UNCOLLECTIBLE,1,,,,,,
UNCOMPLETED,1,,,,,,
UNCONTROLLABLE,1,,,,,,
UNCORRECTED,1,,,,,,
UNDELIVERED,1,,,,,,
UNDERCAPITALIZED,1,,,,,,
UNDERFUNDED,1,,,,,,
UNDERPAYMENT,1,,,,,,
UNDERPERFORMANCE,1,,,,,,
UNDERPERFORMING,1,,,,,,
UNDERSTATED,1,,,,,,
UNDERSTATEMENT,1,,,,,,
UNDESIGNATED,,,1,,,,
UNDESIRABLE,1,,,,,,
UNDETECTED,1,,,,,,
UNDETERMINED,1,,1,,,,
UNDISCHARGED,,,,1,,,
UNDISCLOSED,1,,,,,,
UNDUE,1,,,,,,
UNDULY,1,,,,,,
UNECONOMIC,1,,,,,,
UNECONOMICAL,1,,,,,,
UNEMPLOYMENT,1,,,,,,
UNENCUMBERED,,,,1,,,
UNENFORCEABILITY,,,,1,,,
UNENFORCEABLE,,,,1,,,
UNETHICAL,1,,,,,,
UNEXPECTED,1,,1,,,,
UNEXPECTEDLY,1,,1,,,,
UNFAIR,1,,,,,,
UNFAVORABLE,1,,,,,,
UNFAVORABLY,1,,,,,,
UNFORESEEABLE,1,,,,,,
UNFORESEEN,1,,,,,,
UNFUNDED,1,,,,,,
UNGUARANTEED,,,1,,,,
UNHEDGED,,,1,,,,
UNIDENTIFIED,,,1,,,,
UNINSURED,1,,,,,,
UNINTENDED,1,,,,,,
UNJUST,1,,,,,,
UNKNOWN,,,1,,,,
UNLAWFUL,1,,,1,,,
UNLICENSED,1,,,,,,
UNLIQUIDATED,1,,,,,,
UNMARKETABLE,1,,,,,,
UNNECESSARY,1,,,,,,
UNOBSERVABLE,,,1,,,,
UNPAID,1,,,,,,
UNPLANNED,1,,1,,,,
UNPREDICTABILITY,1,,1,,,,
UNPREDICTABLE,1,,1,,,,
UNPROFITABLE,1,,,,,,
UNPROVED,,,1,,,,
UNPROVEN,,,1,,,,
UNQUALIFIED,1,,,,,,
UNREASONABLE,1,,,,,,
UNREASONABLY,1,,,,,,
UNRECOVERABLE,1,,,,,,
UNRECOVERED,1,,,,,,
UNREIMBURSED,1,,,,,,
UNRELIABLE,1,,,,,,
UNREMEDIED,1,,,,,,
UNREPORTED,1,,,,,,
UNRESOLVED,1,,,,,,
UNREST,1,,,,,,
UNSAFE,1,,,,,,
UNSATISFACTORY,1,,,,,,
UNSATISFIED,1,,,,,,
UNSCHEDULED,1,,,,,,
UNSETTLED,,,1,,,,
UNSOLD,1,,,,,,
UNSOUND,1,,,,,,
UNSPECIFIED,,,1,,,,
UNSTABLE,1,,,,,,
UNSTAYED,,,,1,,,
UNSUCCESSFUL,1,,,,,,
UNSUITABLE,1,,,,,,
UNSUSPECTED,1,,,,,,
UNTIMELY,1,,,,,,
UNTO,,,,1,,,
UNUSABLE,1,,,,,,
UNUSUAL,,,1,,,,
UNUSUALLY,,,1,,,,
UNWILLING,1,,,,,,
UNWILLINGNESS,1,,,,,,
UNWRITTEN,,,1,,,,
USURY,1,,,1,,,
VACANT,,,,,,,1
VALUABLE,,1,,,,,
VANDALISM,1,,,,,,
VARIABILITY,,,1,,,,
VARIABLE,,,1,,,,
VARIABLES,,,1,,,,
VARIANCE,,,1,,,,
VARIANCES,,,1,,,,
VARIATION,,,1,,,,
VARIATIONS,,,1,,,,
VARIED,,,1,,,,
VARIES,,,1,,,,
VARY,,,1,,,,
VARYING,,,1,,,,
VERDICT,1,,,1,,,
VERDICTS,1,,,1,,,
VIOLATE,1,,,,,,
VIOLATED,1,,,,,,
VIOLATES,1,,,,,,
VIOLATING,1,,,,,,
VIOLATION,1,,,,,,
VIOLATIONS,1,,,,,,
VIOLENCE,1,,,,,,
VOIDABLE,,,,1,,,
VOIDED,1,,,1,,,
VOLATILE,1,,1,,,,
VOLATILITIES,,,1,,,,
VOLATILITY,1,,1,,,,
VULNERABILITY,1,,,,,,
VULNERABLE,1,,,,,,
WARN,1,,,,,,
WARNING,1,,,,,,
WARNINGS,1,,,,,,
WASTED,1,,,,,,
WEAK,1,,,,,,
WEAKEN,1,,,,,,
WEAKENED,1,,,,,,
WEAKENING,1,,,,,,
WEAKENS,1,,,,,,
WEAKER,1,,,,,,
WEAKNESS,1,,,,,,
WEAKNESSES,1,,,,,,
WHATEVER,,,,1,,,
WHATSOEVER,,,,1,,,
WHEREAS,,,,1,,,
WHEREBY,,,,1,,,
WHEREIN,,,,1,,,
WHEREOF,,,,1,,,
WHEREUPON,,,,1,,,
WHOMSOEVER,,,,1,,,
WILFUL,,,,1,,,
WILLFUL,,,,1,,,
WILLFULLY,1,,,1,,,
WIN,,1,,,,,
WINNING,,1,,,,,
WITNESS,,,,1,,,
WITNESSES,,,,1,,,
WORSE,1,,,,,,
WORSEN,1,,,,,,
WORSENING,1,,,,,,
WORST,1,,,,,,
WORTHLESS,1,,,,,,
WRIT,,,,1,,,
WRITEDOWN,1,,,,,,
WRITEDOWNS,1,,,,,,
WRITS,,,,1,,,
WRONG,1,,,,,,
WRONGDOING,1,,,,,,
WRONGFUL,1,,,,,,
WRONGFULLY,1,,,,,,
